Release1,Release2,Release3,Release4,Release5,Release6,Release7,Release8
A00008326,A00035364,A00037110,A00037877,A00040301,A00018030,A00031578,A00034854
A00008399,A00035377,A00037111,A00038189,A00040311,A00027159,A00037112,A00035364
A00010893,A00035699,A00037112,A00038411,A00040312,A00027167,A00038998,A00039277
A00013809,A00035840,A00037266,A00038414,A00040324,A00027439,A00039943,A00054929
A00018030,A00035869,A00037267,A00038424,A00040342,A00028185,A00040117,A00055693
A00019903,A00035879,A00037368,A00038519,A00040343,A00028352,A00052165,A00055806
A00021039,A00035881,A00037375,A00038520,A00040351,A00031578,A00052181,A00055962
A00023510,A00035926,A00037377,A00038522,A00040382,A00031881,A00052340,A00056306
A00025566,A00035940,A00037378,A00038605,A00040383,A00033714,A00052461,A00056556
A00027159,A00035941,A00037386,A00038616,A00040439,A00033747,A00052577,A00056627
A00027167,A00035943,A00037387,A00038623,A00040440,A00034350,A00052639,A00056703
A00027439,A00035945,A00037396,A00038642,A00040461,A00035072,A00053320,A00056898
A00027443,A00035951,A00037421,A00038706,A00040462,A00035291,A00054173,A00056919
A00027544,A00035960,A00037439,A00038718,A00040493,A00035292,A00054206,A00057183
A00027651,,A00037445,A00038731,A00040494,A00035377,A00054504,A00057203
A00028150,,A00037457,A00038805,A00040500,A00035561,A00054532,A00057235
A00028152,,A00037458,A00038806,A00040517,A00035827,A00054534,A00057372
A00028177,,A00037459,A00038817,A00040524,A00035840,A00054578,A00057405
A00028184,,A00037476,A00038831,A00040525,A00035940,A00054581,A00057406
A00028185,,A00037483,A00038832,A00040556,A00035945,A00054621,A00057444
A00028192,,A00037492,A00038957,A00040567,A00037112,A00054857,A00057445
A00028207,,A00037510,A00038959,A00040573,A00037125,A00054895,A00057480
A00028246,,A00037511,A00038998,A00040580,A00037511,A00054897,A00057725
A00028266,,A00037522,A00039040,A00040594,A00037848,A00054913,A00057786
A00028287,,A00037531,A00039041,A00040599,A00039391,A00054914,A00057808
A00028339,,A00037545,A00039074,A00040623,A00039431,A00054929,A00057809
A00028340,,A00037582,A00039075,A00040628,A00039488,A00055061,A00057862
A00028352,,A00037588,A00039083,A00040629,A00040193,A00055076,A00057863
A00028380,,A00037635,A00039084,A00040678,A00040524,A00055116,A00057965
A00028389,,A00037646,A00039118,A00040740,A00040556,A00055121,A00057967
A00028399,,A00037647,A00039143,A00040741,A00040623,A00055122,A00058004
A00028400,,A00037725,A00039159,A00040757,A00040640,A00055215,A00058053
A00028429,,A00037726,A00039168,A00040784,A00040798,A00055267,A00058060
A00028430,,A00037767,A00039218,A00040806,A00040800,A00055332,A00058061
A00028468,,A00037768,A00039249,A00040827,A00040815,A00055352,A00058130
A00028522,,A00037783,A00039257,A00040891,A00040944,A00055353,A00058145
A00028552,,A00037784,A00039276,A00040915,A00043240,A00055373,A00058214
A00028605,,A00037817,A00039331,A00040944,A00043299,A00055446,A00058215
A00028606,,A00037818,A00039353,A00041049,A00043494,A00055447,A00058218
A00028613,,A00037831,A00039391,A00041503,A00043520,A00055462,A00058229
A00028625,,A00037848,A00039393,A00041540,A00043677,A00055541,A00058318
A00028656,,A00037866,A00039431,A00043240,A00043704,A00055542,A00058436
A00028678,,A00038115,A00039432,A00043282,A00043721,A00055612,A00058503
A00028691,,A00038158,A00039461,A00043283,A00043722,A00055692,A00058515
A00028694,,A00038159,A00039463,A00043299,A00043740,A00055693,A00058516
A00028753,,A00038285,A00039488,A00043324,A00043788,A00055727,A00058537
A00028754,,,A00039490,A00043325,A00043998,A00055728,A00058552
A00028766,,,A00039500,A00043384,A00045554,A00055738,A00058570
A00028784,,,A00039559,A00043417,A00045589,A00055763,A00058621
A00028822,,,A00039560,A00043450,A00045590,A00055765,A00058644
A00028842,,,A00039593,A00043462,A00050677,A00055806,A00058667
A00028844,,,A00039607,A00043466,A00050743,A00055832,A00058685
A00028845,,,A00039635,A00043494,A00050847,A00055866,A00058951
A00028858,,,A00039636,A00043509,A00050848,A00055867,A00058952
A00028912,,,A00039639,A00043520,A00050940,A00055903,A00058998
A00028929,,,A00039640,A00043521,A00050998,A00055906,A00058999
A00028994,,,A00039655,A00043617,A00051063,A00055907,A00059074
A00028995,,,A00039657,A00043634,A00051064,A00055908,A00059107
A00029075,,,A00039669,A00043635,A00051455,A00055920,A00059109
A00029076,,,A00039685,A00043649,A00051456,A00055946,A00059325
A00029092,,,A00039686,A00043677,A00051457,A00055991,A00059326
A00029104,,,A00039699,A00043722,A00051477,A00056020,A00059344
A00029126,,,A00039700,A00043739,A00051513,A00056022,A00059346
A00029127,,,A00039755,A00043758,A00051514,A00056097,A00059361
A00029215,,,A00039758,A00043762,A00051517,A00056098,A00059427
A00029219,,,A00039783,A00043790,A00051528,A00056138,A00059428
A00029230,,,A00039819,A00044011,A00051529,A00056164,A00059527
A00029231,,,A00039820,A00044012,A00051539,A00056198,A00059662
A00029303,,,A00039845,A00044068,A00051548,A00056295,A00059663
A00029304,,,A00039846,A00044084,A00051603,A00056307,A00059664
A00029979,,,A00039866,A00044130,A00051604,A00056372,A00059733
A00030912,,,A00039895,A00044131,A00051638,A00056419,A00059734
A00030913,,,A00039916,A00044154,A00051658,A00056420,A00059756
A00030947,,,A00039923,A00044171,A00051676,A00056452,A00059845
A00030980,,,A00039951,A00044291,A00051678,A00056453,A00059865
A00030981,,,A00039952,A00044307,A00051679,A00056470,A00059875
A00030989,,,A00039966,A00044344,A00051690,A00056489,A00059911
A00030990,,,A00039974,A00044345,A00051691,A00056605,A00059935
A00031145,,,A00040116,A00044369,A00051726,A00056628,A00059990
A00031166,,,A00040151,A00044370,A00051727,A00056679,A00060005
A00031167,,,A00040152,A00044405,A00051758,A00056703,A00060006
A00031216,,,A00040174,A00044408,A00051774,A00056746,A00060169
A00031217,,,A00040181,A00044410,A00051796,A00056830,A00060170
A00031219,,,A00040182,A00044427,A00051835,A00056920,A00060185
A00031272,,,A00040248,A00050679,A00051882,A00056949,A00060252
A00031410,,,A00040257,A00050720,A00051925,A00057005,A00060259
A00031411,,,A00040285,A00050721,A00051927,A00057035,A00060264
A00031452,,,A00040286,A00050742,A00052069,A00057182,A00060265
A00031459,,,,A00050795,A00052070,,A00060279
A00031549,,,,A00050977,A00052117,,A00060280
A00031578,,,,,A00052118,,A00060301
A00031604,,,,,A00052125,,A00060302
A00031605,,,,,A00052126,,A00060306
A00031625,,,,,A00052165,,A00060372
A00031683,,,,,A00052180,,A00060383
A00031794,,,,,A00052181,,A00060384
A00031871,,,,,A00052182,,A00060429
A00031872,,,,,A00052183,,A00060430
A00031881,,,,,A00052197,,A00060431
A00031893,,,,,A00052214,,A00060471
A00031894,,,,,A00052234,,A00060480
A00032007,,,,,A00052235,,A00060503
A00032008,,,,,A00052237,,A00060516
A00032010,,,,,A00052307,,A00060574
A00032817,,,,,A00052319,,A00060602
A00032862,,,,,A00052340,,A00060603
A00032875,,,,,A00052461,,A00060628
A00032876,,,,,A00052499,,A00060629
A00033011,,,,,A00052500,,A00060630
A00033021,,,,,A00052502,,A00060632
A00033180,,,,,A00052560,,A00060662
A00033231,,,,,A00052612,,A00060846
A00033232,,,,,A00052613,,A00060848
A00033247,,,,,A00052614,,A00060925
A00033248,,,,,A00053171,,
A00033589,,,,,A00053202,,
A00033609,,,,,A00053203,,
A00033640,,,,,A00053320,,
A00033643,,,,,A00053369,,
A00033647,,,,,A00053390,,
A00033673,,,,,A00053455,,
A00033714,,,,,A00053456,,
A00033734,,,,,A00053473,,
A00033735,,,,,A00053474,,
A00033747,,,,,A00053475,,
A00033748,,,,,A00053490,,
A00033752,,,,,A00053546,,
A00033764,,,,,A00053576,,
A00033832,,,,,A00053577,,
A00033834,,,,,A00053578,,
A00033849,,,,,A00053625,,
A00033903,,,,,A00053626,,
A00033962,,,,,A00053627,,
A00033963,,,,,A00053744,,
A00033998,,,,,A00053850,,
A00034073,,,,,A00053851,,
A00034074,,,,,A00053854,,
A00034093,,,,,A00053873,,
A00034193,,,,,A00053874,,
A00034350,,,,,A00053901,,
A00034385,,,,,A00053902,,
A00034400,,,,,A00053927,,
A00034827,,,,,A00053949,,
A00034854,,,,,A00054019,,
A00034987,,,,,A00054038,,
A00035036,,,,,A00054153,,
A00035054,,,,,A00054206,,
A00035072,,,,,A00054358,,
A00035076,,,,,A00054441,,
A00035291,,,,,A00054482,,
A00035292,,,,,A00054533,,
A00035337,,,,,,,
A00035363,,,,,,,
A00035378,,,,,,,
A00035437,,,,,,,
A00035440,,,,,,,
A00035504,,,,,,,
A00035535,,,,,,,
A00035553,,,,,,,
A00035561,,,,,,,
A00035562,,,,,,,
A00035606,,,,,,,
A00035608,,,,,,,
A00035625,,,,,,,
A00035633,,,,,,,
A00035744,,,,,,,
A00035765,,,,,,,
A00035798,,,,,,,
A00035827,,,,,,,
